{
  "ext/controller/ObjPage-dbg.controller.js": 1705761101660,
  "ext/fragment/Fragment.js": 1705759076825,
  "manifest.json": 1705771075576,
  "ext/controller/ObjPage.controller.js": 1705761101660,
  "Component.js": 1705759076821,
  "Component-preload.js": 1705771075851,
  "ext/fragment/Fragment-dbg.js": 1705759076825,
  "i18n/i18n.properties": 1705767184784,
  "Component-dbg.js": 1705759076821,
  "ext/fragment/coppy.xml": 1705759076825,
  "ext/fragment/Fragment.fragment.xml": 1705759076825,
  "css/style.css": 1705770548827,
  "index.html": 1705759076825
}