{
  "i18n/i18n.properties": 1705767184784,
  "Component.js": 1705759076821,
  "ext/fragment/Fragment.js": 1705759076825,
  "ext/controller/ObjPage.controller.js": 1705982235075,
  "manifest.json": 1705982278807,
  "Component-preload.js": 1705982279398,
  "ext/fragment/Fragment-dbg.js": 1705759076825,
  "ext/controller/ObjPage-dbg.controller.js": 1705982235075,
  "Component-dbg.js": 1705759076821,
  "ext/fragment/coppy.xml": 1705759076825,
  "ext/fragment/Fragment.fragment.xml": 1705923817553,
  "css/style.css": 1705925157340,
  "index.html": 1705759076825
}